username,follower,following,media,average_like,average_comment,average_reach
thanks_dudu,1365,415,200,36.1,11.58,93
dog_keen_on_food,63,108,28,9.62,0.27,26
all_days_sky,40,24,10,10.25,0.0,28
feat.if.1216,9,0,0,0.0,0.0,0
featuring.official,789,8,10,15.88,0.14,530
chetbaker_,751,688,2115,53.09,0.0,289
juliannebae,238,129,8,36.67,2.0,105
diana__at.r,256,38,174,25.75,0.18,144
ji.cheong.myeong,48,12,18,7.62,1.0,9
syutashoota,1730,839,45,251.22,39.55,3235
is_home_scales,214,117,2,34.0,6.0,124
yo_yonini,11234,826,965,171.25,12.89,1005
yun.___.0408,429,202,3,126.5,8.5,612
b0_rii,1254,854,367,126.11,34.4,267
rubycola_kr,1559,302,99,32.9,0.0,152
elin__yung,97,92,7,36.33,3.33,104
_jijicho,521,2115,820,27.75,0.0,216
guna_0201,278,62,26,108.71,6.0,508
xio_i_0311,161,162,21,21.75,1.4,265
my_y0uth_day_,284,101,12,75.0,1.0,299
yeon_woo_0119,309,254,5,90.0,2.0,354
hyong._.jun,193,250,3,75.5,5.0,292
jinwoo_park11,446,276,68,60.86,5.44,437
hyeokyou_,363,185,4,81.67,8.5,459
jungwoopaint12,2355,787,25,313.82,6.4,889
senzainverno,936,263,7,245.2,30.0,1295
bluemaze0,618,141,5,226.0,3.25,441
dw731x,331,259,10,108.0,23.0,322
hez_1_10,156,91,90,48.11,2.62,99
wpfhzhffkdada,1202,905,31,253.11,36.3,828
jy_odydy,809,113,0,0.0,0.0,0
xx_knzcnmm,390,221,13,217.5,10.11,359
shun_17_n,330,239,18,104.56,4.0,199
hashtag_min,321,247,49,63.44,4.67,400
yangianfvl,436,331,24,82.8,3.1,456
jhycompany,2050,1177,133,147.91,2.43,529
su_nxu,180,97,3,106.0,8.5,391
imvely_official,101768,7,3396,406.75,14.82,24811
rang4.5,34209,249,204,880.44,56.11,19494
mino.00_,45,178,11,27.62,0.0,86
nijey.__.05,114,70,7,33.83,5.83,166
y0_0n.x7,239,151,4,159.5,17.5,699
seyo__oung,191,219,11,79.0,6.88,399
p_sh.19,1003,237,44,203.56,15.2,1222
_ssuns_,291,254,3,69.67,3.0,290
wonsehoon_,664,505,0,0.0,0.0,0
subinkoh,10156,403,619,129.5,6.67,732
uz1_n,300,185,3,40.0,1.5,169
haaavl,17816,624,565,309.8,18.7,3129
yooahdad,5496,1109,300,153.44,6.58,1705
_04.07ms,186,76,10,60.8,3.12,415
choi_river.07,256,204,45,89.88,0.22,159
s_vin1000_,945,221,14,175.43,4.57,487
travel_mark2,5015,885,403,696.22,50.9,4409
sooni.yoni,360,824,861,53.18,4.5,292
2n_j1u_,238,167,7,121.2,2.2,282
imnotugly_boy,610,404,4,110.67,5.33,1873
_fxu_dd,106,89,0,0.0,0.0,0
icm._.dmer3i6,245,297,13,94.0,19.5,230
ssjn_1028,165,134,0,0.0,0.0,0
jinationic,3479,338,29,185.0,4.27,585
dongdonguk65,176,123,7,76.0,10.67,271
simplely_s2,6305,6046,715,552.91,20.62,1147
nuj_gnod_,361,184,18,200.91,5.75,618
hip_hye,2818,1453,119,465.14,124.1,2374
y_arthur04,662,158,9,137.83,7.57,631
seonghyeon_sh,633,275,25,238.4,5.89,732
she.smileee,19408,418,661,106.5,0.0,212
__myclassy__,26067,279,996,82.8,0.0,3550
lunenaneul,298,182,23,64.11,4.33,336
haelyuelmom_92,3144,1696,605,85.29,11.57,309
dragon_bully,13020,5254,1352,66.1,3.67,517
sieunmom._.v,5505,2911,1648,138.36,26.55,502
hwangcaptain,21917,4997,7478,597.25,57.0,3070
cham_joheun_susan,1327,984,111,183.25,57.78,521
beta_mom0208,11172,2047,376,168.09,15.86,1981
zzimkong_2016,1349,1071,341,76.3,11.58,221
habufan_byucksan_renew,230,281,250,10.0,0.0,67
wes_tkite,2547,478,90,360.33,27.8,1694
ahyun_choi,429,278,21,142.17,5.0,1164
maisonchul,4886,1898,228,274.5,4.0,5647
minnie_lovinii,2664,2963,468,103.0,13.36,217
loibear209,5954,3060,1053,417.12,13.38,966
army_runtoyou,1531,1591,429,76.9,1.29,236
act__b,6867,7016,970,30.33,0.0,2742
hair_seolhwa,1350,428,167,181.36,52.1,859
specialclize,3030,2227,1215,145.0,5.38,475
rubida_ru,5803,794,2222,178.8,72.78,807
zung_hyun,451,332,23,140.33,4.44,959
jf_woosun,1590,618,130,201.0,9.0,1027
beauty.ajin,5117,1114,2826,96.33,12.25,468
yeonjadang,1950,1834,214,257.0,73.33,659
chun_snap00,2333,901,91,244.73,17.58,769
sik_eyboyz,1037,667,72,365.58,19.57,2040
___jisoo___,10186,478,1020,91.25,2.75,624
moonbyul.mom,1467,908,157,143.44,49.09,281
soo.kong_mom,4614,3670,201,157.57,15.75,392
serendipity__u,10010,874,75,187.71,25.36,407
c.o.e___,7860,874,476,141.64,18.6,1711
koyo_eun,846,741,51,182.25,8.1,320
amleean,1987,701,253,180.82,46.33,464
whatsyourname_._._,0,3,0,0.0,0.0,0
pawpawpaper,1315,907,189,84.44,12.78,355
the_vitnal_calli,1742,1821,644,239.67,63.8,523
oror_studio,2294,451,656,125.56,9.86,780
ddasum_calli_138237,1435,1794,710,115.44,20.33,314
cookies_y.y,924,281,72,106.25,10.62,373
god_butter_donas,13,13,0,0.0,0.0,0
re.luv_,1028,313,132,25.22,0.14,668
blackcrow.scar,1198,667,42,228.7,8.38,885
deli_puppy_,1920,1406,843,94.9,4.7,515
chanchan_bari,598,1202,70,110.18,7.0,275
i_roro_you_,8313,4392,1175,419.1,46.42,1541
navid_1267,270,271,406,0.91,2.29,63
areyousleeping___,1954,1172,161,197.0,11.89,398
meownzi,2830,404,288,131.38,3.9,644
slowcandle,10768,871,127,281.5,46.62,1458
you__d_i_e,2447,1610,8,879.33,25.5,2094
zero_bakery,23080,146,504,134.22,6.0,4525
tto.kr,1066,945,51,284.75,46.88,799
namendc,7062,3259,384,62.5,1.0,296
zzjfox,1352,989,1379,64.64,1.91,167
leedoho7,1235,1601,89,196.12,22.0,1626
ye__3.28,388,129,5,233.33,7.0,588
zeze.kkomi,2761,764,166,128.7,7.78,347
jaewoo000,1588,349,25,315.33,14.71,1990
zuin.0,910,600,70,171.18,23.8,1122
libi__lyfe,779,389,120,104.89,7.0,568
zoayang_,0,0,0,0.0,0.0,0
hhye_.jin07,87,71,0,0.0,0.0,0
the_mellifluous__,878,282,57,173.27,4.1,567
faff_lab_,2812,341,773,56.78,4.0,837
vivre_savie,11120,232,780,50.5,2.14,341
ol__nt,2035,159,82,236.67,2.75,1355
rubycola_official,1627,64,11,369.83,0.09,407
yens_tyle,10245,653,92,454.56,84.89,1255
minnnwoo_,673,708,78,76.5,6.0,484
pyj__06,74,163,0,0.0,0.0,0
popohippoo,3326,2200,46,597.36,69.38,3610
eclair_jung,885,1307,59,166.17,6.5,896
ji.unit,1100,745,53,50.0,2.5,352
lucidyun_,852,544,9,267.5,3.0,1270
eating_hayu,1786,1024,76,333.8,46.36,577
jeongdain726,781,733,8,189.86,5.6,920
kvni_x,264,283,21,46.0,2.0,332
nooheajj_,144,1,29,32.64,1.9,390
with.krene,3215,1078,96,598.8,14.38,4502
eo0oiixy,83355,291,157,573.5,6.38,21610
yeji_27,4932,5281,2294,29.27,0.2,198
a_rin_by,559,408,69,26.0,0.91,58
goodthing_coffee,1081,816,150,39.78,0.67,94
mx._nyy,18,6,5,76.67,1.75,112
red01004,12012,1602,433,155.62,0.08,190
happy_jeehyun,4421,5398,1608,84.11,1.3,416
buam.castle,23,16,10,13.75,2.0,85
ihnstaphoto,13368,441,999,1049.0,23.38,9680
ashleedrinkswine,3829,684,319,328.78,12.33,2534
u_jin_mom14,3087,2096,444,111.82,13.56,265
hosi07072020,830,663,197,80.0,11.5,161
angelajeju,1159,639,430,141.22,32.8,519
nuuy_keumho,234,3,41,22.0,0.3,419
chion_diary,2449,1141,390,182.88,20.5,519
cheongdam_riho,19319,6183,3542,104.22,9.7,1248
d_meeworld,32064,978,1252,519.5,11.67,9472
u._.yd,280,187,2,83.0,11.0,390
mrs.jea_shop,10382,1829,1880,101.45,4.25,293
ho.yz,443,222,336,37.0,1.0,252
tae_vvan,552,526,338,94.56,4.14,414
nov__ella,5716,5092,356,595.67,8.44,480
yeahdoree,3475,618,604,40.38,1.08,179
sssemi91,10839,2869,435,220.4,16.73,824
im.kyuuuung,2600,1548,86,417.6,24.36,1046
_blueheart_ss_,681,605,332,57.67,2.0,181
_seoulnamja,4269,3806,60,137.25,5.43,1009
ohkyoni,4688,2188,2211,21.12,0.0,218
2_y_han,2593,609,278,159.8,6.67,508
tabitha.lim,1070,507,961,203.45,18.0,623
s_s_nana0020,1495,1381,267,86.6,19.33,168
inyvely_topper,249,122,74,71.6,0.62,108
a.scone_,995,432,129,159.9,12.6,674
teapot_jj,2035,1998,383,199.11,50.0,564
re.luv_,1562,401,226,11.71,0.0,445
anyhowinsome,805,526,19,253.3,11.64,655
fanstagram._.junho0111,58,507,43,9.82,0.0,51
pickyroom_boss,2394,811,275,247.89,34.25,739
zxcvr0626,614,2487,333,117.67,1.89,286
ryusenso_gwangan,1376,849,9,1424.0,2.0,967
mirnar0608,2725,2415,1527,42.5,0.11,271
itgodgo,1390,125,113,84.6,14.27,246
nemo413,5668,1998,2865,237.62,4.0,4138
repluto,20058,479,1164,428.0,3.2,6326
axis_sinxity,71940,1613,1871,108.86,0.12,1832
hella_cos,9997,269,479,36.67,2.55,167
_k_woo_sung,288,154,46,64.56,2.0,279
stylist_otter,4169,2162,296,584.36,68.3,1534
meercat.io,1232,2,29,36.0,2.09,1568
imgwangjo,378,458,16,96.38,17.17,341
rara_________3,162,79,45,73.7,10.33,123
hwang.daejung,140,214,122,29.8,1.3,93
gwsebro._.21,137,223,19,38.0,4.25,139
kdy_1_8_5,1708,187,14,201.44,7.33,2100
yo._.ng02,208,132,16,68.71,5.78,320
nembi_d,142,70,91,23.2,0.4,107
d_xxi__,1268,307,64,240.0,16.56,1205
easy_story4u,108,37,32,26.57,2.09,126
___lee__eight___,2700,1448,44,573.12,109.22,2243
himi_star,3586,414,19,475.45,8.67,3589
dal._da,1767,521,21,231.0,1.8,693
newdesiigner,1075,415,24,221.83,16.83,915
daegariahpa,300,495,32,28.89,2.56,244
hyeo._.ni,227,190,32,87.11,15.9,402
soul_lasido,1289,3668,606,53.67,5.43,316
jeon_h.u02,90,46,18,15.44,0.0,101
lljoon,7572,739,87,495.25,25.0,2283
water._.ya_,283,261,7,104.2,16.25,402
nocapyesbeanie,448,217,23,214.1,12.0,1102
gykim_0416,30,53,11,10.0,0.0,42
kxmxcxi,2190,810,35,706.1,53.7,33850
keepinokino,5645,551,139,710.3,5.62,3024
i.mz.z,2199,548,4,215.0,24.0,834
supsup_jisup,3504,996,12,140.73,3.67,643
sj_soung1013,931,630,25,95.22,9.44,310
chocolate0_8arbie,581,374,21,135.9,2.5,293
hhn.e,771,312,63,89.11,5.91,307
elin_sw._.l,131,151,14,28.5,0.5,99
gur_wns,3900,996,159,610.92,50.57,2377
m._kloset,2141,1442,86,432.12,75.78,1553
seungbeom7367,101,785,22,36.75,0.09,103
wsell._.y,1109,100,25,100.5,10.0,488
hee.u_03,840,452,47,223.67,6.2,666
markyu23,1109,482,69,304.0,68.3,1039
s_vi_niii,1939,870,54,384.57,10.0,2262
min_boong2_9,513,232,42,44.25,2.88,295
bu_ky87,592,573,101,99.89,3.1,600
kimming_gu,14510,7375,1707,864.0,20.11,2278
fairyxmxum,155,60,2,51.5,2.0,312
sanghyuk_king,1133,855,26,421.5,23.45,1022
sh_dearfrom.os,304,288,2,30.0,0.0,216
marketer_yoon,71,81,55,11.1,0.0,41
ss_xx_nmi,799,318,12,228.0,14.5,845
chchflsk30,523,346,99,65.56,4.3,453
mov_eing,758,676,191,149.8,7.64,342
k_s_j_9_6,282,242,135,62.0,6.0,264
j___min98,629,849,29,78.0,8.5,408
sae___nn,1839,1085,98,357.3,104.22,2052
ryuppeum,26811,7410,723,399.88,14.33,2463
yeonggarrrr,68,273,124,8.36,0.27,84
jae_rlo,443,223,63,84.75,5.09,239
hyun.e,10872,3610,415,357.17,22.22,1934
ggyu_vely823,2439,1008,393,96.18,25.89,285
soojung0407,11793,998,726,334.67,36.38,1071
seongyong.k.12,1376,915,86,126.29,30.67,669
shine.psd,4445,3869,456,215.3,56.5,812
hyorin29,192,139,0,0.0,0.0,0
l0_08ingsu,552,131,18,249.5,0.33,481
jseo.h,132,255,44,16.0,0.22,172
super_moon_1999,14,13,4,4.0,0.0,17
bin._.1013,640,124,6,211.5,6.5,647
harin_3218,142,182,22,23.0,0.0,95
bajohy_25,346,232,1,99.0,29.0,402
junnnno_o,619,382,32,234.0,5.0,847
seulvely_31,1542,3041,1207,66.57,0.67,602
silma_lee,771,217,63,34.0,3.0,172
hh.jun.young,263,253,12,119.29,2.0,538
y00n.ho_c,66,97,21,30.22,1.38,216
soupsoupforest,1523,298,42,388.3,16.82,6405
routine386,8,25,24,2.0,0.0,8
my_milk_tea_02,2154,1878,107,76.67,7.86,171
tobeawiseman,293,223,9,73.17,12.33,291
3.3__________,118,16,9,48.89,2.14,211
_.jelee,430,375,236,86.27,3.25,443
do_.nyak,463,576,94,69.75,9.33,378
sominizz_,1060,326,85,117.2,9.0,480
nynzii,1752,400,185,263.78,9.2,960
seeh.yun,562,110,8,244.67,10.62,979
oe_muchim,2000,576,204,353.7,30.73,812
seller_you,1207,802,20,106.6,2.67,223
gayoung__04,269,233,2,55.0,9.0,347
__luminousthemis__,444,296,12,99.8,7.86,317
trip.think,2191,1606,283,148.0,10.36,727
o_lotd,14229,7161,654,318.5,7.8,1240
seoni__day,1943,498,262,77.8,0.0,412
7x.mhg,10727,2697,148,752.3,4.75,3536
n.yeon99,1467,1103,166,294.3,14.43,595
yhs_dada,2558,1316,807,92.45,9.89,278
minyomi_._._,307,115,11,93.0,11.44,670
dadi.kim,2278,565,1435,166.67,16.22,512
llll_12_dy,568,106,8,145.86,14.83,310
dongxyun.k,1443,756,53,235.55,14.2,1201
u___jinnie,1787,818,123,309.22,5.67,2458
hysuneese_,1932,685,363,92.67,4.89,285
star03lightt,738,56,28,400.9,21.62,1055
jm_contents,1111,172,26,37.27,1.27,201
blandsalt92,25,82,0,0.0,0.0,0
x_jun_4.21,261,149,4,144.0,2.67,837
jh_kyeol,2330,2045,127,336.38,31.3,844
17__min,209,116,0,0.0,0.0,0
saveas.june,2183,391,122,175.88,9.56,809
jyj0__0,1866,118,49,198.33,9.09,738
biqiol,704,626,157,77.29,2.67,278
off_s.j04,151,136,22,109.0,3.45,216
mak_meokda,4150,2649,317,253.25,20.0,457
boramindoong,345,93,14,298.0,5.17,406
y00urimi,1196,288,46,60.67,6.0,373
0xhan_vong,136,217,9,37.5,4.0,172
fruit_vin,652,1705,416,12.89,0.14,84
o0_lotus_0o,1611,925,40,249.1,3.45,1389
ch_wonderland_official,637,291,56,106.75,8.67,200
katsu_man_,251,51,43,48.5,1.82,309
cc_oi_1,2322,644,45,417.67,140.71,1164
donggyu_1009,1717,328,20,479.29,10.67,3347
columbussong92,2289,198,120,87.0,3.4,355
wxxinsback,434,157,9,117.67,8.0,365
nerdgarrage,6477,1018,2080,13.0,0.1,752
237__ap,379,228,3,136.0,3.5,517
mottojin,1391,587,156,199.0,8.75,1530
fullmoon__17_,93,161,104,17.4,1.73,98
t.hyun_02,1619,400,64,119.4,0.43,790
mango_9uava,1630,1069,982,129.75,22.67,356
sunpang_02,138,132,17,28.33,0.0,155
alberocasa_,665,510,3,67.0,1.0,201
cott0n_luvr,330,287,21,145.73,9.09,622
alovenestt,401,314,28,124.89,5.6,480
seobyungmoon,3059,1376,1795,68.92,5.4,412
wooking66,242,76,11,89.0,12.0,422
by00lim,4138,127,18,608.5,13.0,833
olor_memory,193,93,28,69.0,3.9,199
zs._.3z,580,400,18,205.5,12.78,1562
pearl_ms_02,233,227,5,114.0,5.25,500
byvalla.j,1967,343,147,116.75,19.5,222
pic_043,781,1520,95,142.14,0.78,430
polo._.9,1512,732,10,244.75,2.62,881
o__o__3_3,1508,600,90,146.71,9.33,815
bfb__32,112,99,20,52.0,6.5,124
m_s2ong,83,127,6,51.2,2.5,245
0_sta_a,316,40,17,143.42,2.0,297
h._.samchil,184,173,3,80.33,0.0,335
future_perspective_00,137,134,3,89.0,0.0,216
_._._blanche_,673,1803,295,91.6,17.22,533
sssssanghak,98,166,57,12.09,0.56,87
zinyeong_2ka_jjang,496,217,16,103.64,4.44,1289
pdsns,1573,799,19,36.0,4.25,173
i___am__a_cold,413,193,30,81.17,1.43,353
joy_illust,692,436,103,118.45,12.6,320
push_doll,2493,865,943,441.4,28.11,2294
sangmoo_music,368,470,10,73.14,3.0,696
kim___j___h___,1836,1339,82,276.55,20.33,693
i_am._.suhwan,1360,901,35,1170.89,23.0,3937
k.i.m.___space,225,299,2,36.5,0.5,173
light_lyoh,88,166,71,10.0,2.5,81
e._.yell,233,229,4,225.5,6.0,651
i_like_being_cute,255,187,68,80.22,11.6,177
mongnyang_i,340,530,74,63.0,2.11,100
bottle_cold.j,672,601,12,121.33,5.67,477
kuxiro_,865,624,22,413.22,11.75,1177
irreplaceable_sw_,362,250,24,128.75,1.0,973
bbio_o,664,345,21,87.67,2.0,373
garl_ik2,406,355,14,218.57,24.57,834
samtori_99,743,436,12,132.44,8.6,842
hxzxxo,123,35,8,9.4,0.0,42
si_hyun_g,5929,196,85,766.1,3.71,951
liu_xia_day,35,38,4,55.0,8.0,101
p____q_zz,207,191,4,101.5,11.33,331
en.chante__,1036,456,59,222.78,9.1,1148
xxe_ya,664,458,149,98.18,3.86,381
tmtkdi,229,225,0,0.0,0.0,0
uwollee,2142,105,206,105.36,4.0,439
hyochef,1759,1242,1077,146.8,5.88,3845
levy__fashion,2658,755,25,328.44,48.5,770
team1llusion,25383,609,368,512.0,11.38,5822
im.___.jun,1305,237,17,240.67,25.75,487
_hc.willbehappy,139,149,80,31.11,1.43,107
yeom_ily,319,258,25,80.56,3.7,405
ttoreu_0726,2124,987,234,220.2,29.9,435
leesung6246,446,450,57,65.08,1.14,599
xx_semin,1036,377,66,168.1,31.12,612
ee____zz,1580,712,303,232.62,46.09,753
fineadple_official,15735,177,570,495.7,2.33,283
sihoo._.n,552,352,110,45.17,9.17,165
window_0909,413,209,14,60.78,5.67,351
yoo_j_amy,2084,589,983,222.33,21.22,1211
jeongansu7,1876,460,129,152.73,3.8,694
juamom1.5,993,201,49,41.75,6.56,217
yoony00n,835,803,293,76.5,5.86,402
sieun__28,3330,250,25,133.67,6.45,400
charm_ing____,169,99,0,0.0,0.0,0
ga.o_ov.eul,204,103,2,36.0,12.5,234
p_lum0_0,1055,296,24,358.75,12.0,833
seogong_17.0,503,105,23,98.0,23.86,204
ummm__31,407,414,19,124.8,5.67,551
kimminkoya,233,529,40,50.5,11.4,304
m.s_ho,1722,1011,151,80.67,3.88,467
nnjh_1991,506,492,142,119.67,0.88,233
qkrgudrb0214,1021,1423,56,49.67,0.0,125
wu.duly,3202,831,71,387.88,4.91,1034
_fit.2k,1941,1012,116,217.0,4.29,1118
vel_hong_,1531,1009,67,293.56,5.27,1203
rainbow_sprout,867,658,119,148.0,9.22,648
hyo_and_butterfly,297,131,57,171.82,14.12,395
winner_is_ji,2384,595,35,167.29,0.22,1385
toripopyoon,5543,3087,167,443.67,3.38,1867
hi__et,1230,417,32,419.9,75.43,1156
kimcksdud_,2594,487,44,375.5,9.89,1649
sangmin030322,436,2048,37,20.0,0.2,180
ho_onfilm_,697,363,133,78.0,3.0,225
1999_sin,1662,789,28,423.62,51.5,1308
nell_dohyun,1062,513,99,235.4,10.44,694
redtt_golf,778,759,29,224.75,4.8,447
hyunlll_,182,290,20,22.67,0.1,86
winter._.s2,1500,723,32,350.0,44.33,1915
_min_woo05,478,249,5,206.5,26.5,561
way_out_exit,2509,551,40,254.9,17.86,1790
seoeunjeong94,365,451,63,10.67,0.0,84
u_x.ia_,4458,492,104,443.57,13.8,3643
doge_hyeon,156,189,31,24.33,1.25,136
nextchrismas_diary,526,332,49,163.38,4.0,412
w_ooya,1248,396,46,263.5,30.57,1608
ares_design0,72,89,38,7.43,0.11,43
onlyone_ssj,1658,1069,74,141.25,47.92,361
edenn_0623,114,197,2,53.5,14.0,111
kkkim_bsb,96,102,0,0.0,0.0,0
_ju_daon_chae,440,239,76,56.73,5.4,291
99.08_10,2847,531,289,277.75,45.45,566
158.3_c.m,88,66,12,32.12,2.0,140
hw__hong,938,326,134,23.38,0.62,75
yuni___s2,1848,179,29,56.25,1.29,255
950304_jo,197,524,42,13.5,0.0,123
j_h_park20,199,422,29,54.11,2.8,270
young_balance_pic,1034,782,67,232.0,4.14,398
_reappearance,812,594,53,214.55,15.12,860
jojing1597,831,738,344,107.5,2.71,450
_bunnybluebeach_,1218,914,62,583.6,10.75,1401
_hyob,589,287,25,83.0,11.0,436
jjjjojj5,226,226,25,58.5,0.5,263
genie_lee_1,187,177,18,57.67,3.5,258
srll_104,386,114,29,207.0,11.9,466
stocklist21,822,545,37,127.7,1.0,365
ycho_u,2053,710,800,207.3,2.78,843
sung.hyeon,3897,1804,91,571.45,75.4,2329
imigrant_rite,137,119,13,83.2,1.57,191
heumm_changgon,676,390,132,87.0,3.75,413
june_hyuk1208,1348,373,22,492.6,8.71,1891
ho_ya_01,606,600,35,75.0,28.0,365
iridescent_hayoen,133,53,8,33.2,0.0,108
taebin.yang,1733,476,77,286.89,5.78,1634
sk_____golf,837,488,52,236.38,4.27,670
beop._.su,621,247,8,41.2,3.0,191
yeonjewang1,521,201,14,65.78,2.9,341
xy__bella,290,379,26,47.0,11.27,281
baejjang2_,1460,642,520,297.7,21.6,337
sssc_00,864,249,17,417.27,11.73,1543
ll.59pm,101,88,30,34.0,12.0,93
sophomore_aristotle,137,114,79,17.0,0.2,139
ddoowwoo,137,119,8,27.33,2.0,121
hm7_fan,2076,227,381,107.88,3.91,1521
goyoungju621,177,44,0,0.0,0.0,0
h._.__1,3213,433,29,123.5,6.0,876
studio_brightnine,605,66,63,201.6,2.12,173
sseung_7,1342,489,82,25.18,0.1,201
apeach_unni,5805,4785,3152,106.12,18.43,526
hong_s_1004,1039,333,23,258.88,13.55,1669
choe_sagong,259,418,13,33.67,3.8,183
penman_sw,333,44,44,173.12,7.88,224
mong_ii_01,537,329,45,111.11,5.62,450
myoong213,242,139,136,55.38,2.5,193
tmd.gus.kim,329,353,14,125.44,10.78,458
tinkerbell_brow,1305,1075,62,78.67,6.0,209
erumyang,26513,2707,1221,121.0,13.0,447
artistic_life_6l9,600,2699,198,83.11,1.78,586
km__uni,1090,383,69,175.8,8.8,769
tiger_lily_light,166,160,35,21.0,0.5,107
ji__dang,351,405,29,127.12,8.62,287
jintiande_xuexi_zhongwen,56,37,4,17.5,8.0,145
haedam_tattoo,801,472,179,45.6,4.0,243
ji.__meng,587,33,6,56.17,3.75,101
lost_star_22,270,170,14,46.25,4.75,395
04_h_.y,1119,294,17,195.67,3.67,1016
c1x_e,2106,61,14,420.67,10.9,1277
team_fc_sieun,525,224,47,23.83,0.14,40
hanjihyung875,132,196,17,25.0,0.0,120
gy_wls3,112,87,6,35.5,2.0,356
umini.h,672,282,91,133.5,59.25,266
yi_dudu,130,130,11,25.2,3.83,814
dovely_ys,34,80,17,5.4,2.09,24
2seul__1003,804,520,48,215.6,19.44,828
pearlrho_,576,277,22,110.1,9.89,430
iamurgotzzang,1831,467,17,637.0,17.0,1129
whoo_sss,425,391,18,166.88,5.58,537
hyxne92,50,37,40,26.0,2.0,97
heessgallery,198,163,70,47.8,2.67,162
fir_st_ar_1997,443,402,60,59.75,3.88,333
artwork_h42,259,203,24,76.7,1.0,330
jeong_seok_p,971,664,65,208.5,4.82,620
ranun__c_,1645,521,21,158.38,0.14,505
__.hee,159,239,14,22.5,4.5,127
dudgkghd,846,632,9,118.43,3.71,536
se0kk,929,224,18,370.44,12.71,1325
daon_stylebook,252,254,53,10.86,1.89,237
gyu_tattoo,4024,214,331,55.3,2.0,736
d._.hey_,1076,204,166,170.6,9.5,1042
_jayomi_,631,131,102,78.67,5.5,250
qkrehdwns__0325,417,281,1,100.0,12.0,344
ji._won_,726,309,18,172.5,8.45,795
23__jun_h,968,510,25,234.0,12.5,650
suu._.yeoni,773,491,95,128.0,15.33,656
eek.kee7,570,874,12,63.0,0.8,531
t._.go0406,39,121,4,12.0,0.0,40
helloyiseo,4508,875,368,124.57,6.33,504
xeong_won,162,132,3,113.5,10.5,1450
h.a.z.e.r.o,35862,765,223,741.09,119.38,2550
kim_minjae0408,263,250,160,50.78,0.0,159
damdamhaeyo,2713,125,39,521.67,16.2,1728
rastle__fashion,2440,1625,66,637.11,86.75,3845
11anw10,644,426,50,217.38,5.14,631
hxxnjun,913,400,27,61.12,3.91,568
0ohyeoko0,263,104,5,59.0,3.5,532
zerob_94,145,259,51,52.36,3.62,179
m._.yeon9,749,219,14,398.5,6.5,1822
nerd_minnn,519,345,37,38.0,5.75,251
over_pulse_063,430,1011,316,10.14,0.3,100
on.thepia,1605,409,72,380.33,18.33,510
yemon_ade,3729,2448,168,220.8,66.64,394
tattooer_yeon,7233,3506,1354,322.0,9.88,2783
iwannabeaflowerthatneverfall,1270,335,23,112.5,5.67,455
jin_heok2,595,561,11,237.9,22.43,773
jiwoo_h_mom,1576,346,272,45.14,1.0,193
_sol_star,353,357,26,39.5,1.25,147
jo_ramen99,294,189,39,131.89,15.2,304
taerincellderm,2283,1119,769,59.8,1.7,223
park_joyce,11677,3635,2786,36.9,0.11,157
daeheonyee,1706,1067,34,509.5,4.3,1979
minsigiii,1056,800,433,64.38,8.91,393
jxx1_nov,269,190,67,34.33,2.0,165
180h.29,387,427,12,70.4,7.0,328
no.1eyelash,924,429,575,22.5,0.11,182
_hoonja.is.broken_,201,549,2,43.0,4.0,450
syw_0311,1233,476,39,153.89,2.0,890
jiwoong___s,585,340,42,136.33,23.75,528
ddaeng._.7,10574,475,92,131.33,7.73,617
bakseoko,927,599,56,93.89,12.1,707
gj_event_,1656,306,9,84.0,4.0,192
yhj.0813,2027,224,209,94.55,18.9,236
seo_minu_0529,165,367,41,13.5,0.0,98
ya9416,1131,271,33,66.5,31.5,206
space_big_star__,1188,182,17,231.86,0.33,628
shoesneverworn,1155,574,24,53.33,5.33,377
mxnwxxk,4828,190,3,1066.0,45.5,2769
beauty_han618,76,90,77,18.2,2.18,70
k2safety,3781,104,426,28.7,0.08,769
sanyoung_illust_daylife,98,257,51,30.4,0.0,83
hrrrrra._.m,1117,777,18,231.0,7.4,959
cheungs_landscape,1103,820,471,115.9,3.25,292
ybly_yen,541,227,184,24.12,1.8,47
bjh_0416,1767,238,141,98.25,2.71,412
toro_moongchi_mom,1532,2890,917,11.2,0.5,95
soonsu_studio,6933,21,146,205.42,3.0,2217
pompompu._.rin,867,450,12,243.9,7.55,1164
c_mf0,829,1092,154,54.9,0.11,113
nachotime_,1746,2309,194,134.6,11.27,650
1g_yum,1180,630,41,163.67,11.67,538
bibi.bigpotato_,2827,890,625,29.67,2.56,154
staycoolxid,459,109,106,47.67,6.0,201
bo_kyoung522,2493,372,19,687.0,21.0,2035
si_eun_22,1274,426,122,80.0,28.0,167
mimin0ir,992,95,98,243.12,7.67,1439
soo330123,6877,395,124,83.88,2.56,244
lovedanune,9913,6894,1986,61.91,1.11,895
ichu_bebe,8409,6782,2114,69.36,5.67,676
uni._.uniluv,1086,4093,1774,6.0,0.0,117
hajun____mom,4389,3720,4106,20.75,0.14,106
yesunah3223,11997,6100,1831,41.38,1.89,729
geonri_mom,5119,2687,1580,57.2,5.5,476
hoooongs.bebe,2050,1402,906,21.0,1.5,247
kimjinkyung_1203,4002,3472,2005,24.2,0.57,487
200425.i,1163,2332,491,16.82,6.43,138
skyalrud,4424,3521,1249,17.33,0.29,135
bebe___lucca,873,820,1408,13.2,1.3,150
zzingzzing_bebe,2413,1855,1365,20.78,0.0,215
eunyuri_76,2682,3487,440,19.0,0.09,86
lo_hui_,1253,255,12,38.67,2.0,187
lwj_1317,281,213,23,54.73,3.44,333
gxittizr,256,139,9,211.57,5.56,407
crabappl.ee,10,43,3,9.67,0.0,30
common_cody,1586,1266,23,406.8,38.0,995
_milooy,675,280,60,90.5,8.71,318
jjung__1379,147,331,42,25.7,2.9,92
qvo_yejin,2260,649,39,351.89,9.44,1664
hodu__jwan,1644,1137,77,243.14,48.22,951
ww_luv_je,2015,623,81,337.2,66.56,1371
luv_chae1mom,1094,652,1550,33.5,3.14,196
dahye5317,221,165,113,20.67,0.0,125
eun.xdragon,730,342,57,68.5,2.33,287
hxxrlin,1188,706,61,130.7,2.89,544
iiios00,341,150,18,293.5,21.38,705
s.yeon_spring,134,56,13,10.6,0.0,62
double_mochi_,150,320,38,15.09,0.1,169
iliveinyourinterest,681,144,9,340.86,0.0,2131
sun._.c00l,722,459,14,112.0,11.0,380
yj_may0529,5,1,5,2.33,0.0,16
ixsjun,417,95,6,48.2,7.33,305
mori._.cat,24844,2663,491,4422.75,57.5,43859
yulah_104,159,99,57,40.5,0.0,69
bbang_tae_man_sang,4992,919,202,531.22,133.5,2177
_hyejiniyam_,1121,495,24,197.55,13.83,958
ss_u_b,2249,513,58,445.9,9.86,1087
suin0318,112,53,10,36.0,0.0,110
jun_h_323,278,368,15,73.0,2.0,302
sik._98,605,814,22,141.3,5.2,601
fox_dailylook,3569,1778,137,573.89,205.0,1514
paztivboy,528,376,25,64.5,14.0,326
s2_kiery_camp,2074,1062,204,189.0,5.0,398
lily_noa_vintage,126,85,23,16.82,2.0,73
chxxn_93,3628,1643,20,289.78,16.57,1787
k_.ong7788,301,46,6,125.75,2.8,313
nimos_kim_,56,21,50,8.58,0.14,45
up_hyun_02,818,424,31,373.25,21.0,1197
hyorrrrop_._._,896,426,55,137.33,8.18,671
mingue_wrap,312,310,12,60.0,14.0,484
sontldhsx_,41,102,1,9.0,2.0,40
guswl._.cx,938,767,50,207.0,15.56,471
jes2ica_sum01,490,551,42,116.0,4.0,344
18___1.ck,1802,656,18,292.33,2.71,988
dirtlump_,848,198,78,56.3,0.5,517
ordinary_life_beom,345,428,134,21.6,0.22,121
starry_01.21,901,58,29,13.57,0.2,85
ahple_m,1327,322,191,141.75,5.5,600
mw98_____,613,160,7,31.0,2.0,170
haley.oh,688,730,233,101.71,6.0,758
xxk00ng,573,274,157,73.67,5.2,284
tempoyely,3183,608,761,141.75,3.73,448
silverstar_byeol,507,272,295,91.0,2.8,110
simon_yu_kr,10014,2107,1498,77.44,4.3,550
y_o___lo,1209,645,63,337.91,8.1,969
dung_ji,1896,947,255,315.9,19.44,1313
m_chaerry,579,282,12,45.0,5.56,304
dydw.o,240,308,0,0.0,0.0,0
thedanceichoseformyall,1054,1171,5,181.6,10.25,1046
blackgumiho,188,165,23,35.33,5.2,90
hi.dodosol,9338,4388,2003,46.5,0.0,320
sohyun.huh,339,473,159,42.2,1.5,229
ji_young____00,13559,941,279,754.67,108.7,3232
twinkle_.__twinkle,1284,1070,39,332.6,37.9,563
csheep,71094,5685,528,795.9,8.64,1164
banananana1235,1365,1116,58,39.89,0.56,111
baesh1124,476,843,88,46.2,0.12,160
bootttto,2444,810,142,137.82,3.89,678
azure_dong,479,311,54,116.38,5.33,305
everyday_smile_go,5355,3981,628,141.27,19.36,383
io_fl_,75,82,21,23.71,0.0,66
c_o_1ooo,1088,218,13,101.44,0.14,1190
lovely_chae.jiyu,1046,2695,616,30.5,5.36,108
hwanga411,169,173,8,36.33,4.0,169
hyun4good,30318,666,753,364.0,7.89,1170
eunni_6893,0,4,0,0.0,0.0,0
flals90,1080,1078,582,59.22,2.5,409
j_and_d01,7920,6590,3715,60.2,2.0,386
han_hansae,341,409,35,49.0,4.29,315
jooyh93,1249,571,229,115.27,8.7,775
jiyeon_irene_lee,732,684,221,65.42,6.38,365
seung_ui,3662,522,483,245.5,8.78,1525
dahazzii,4295,660,87,82.0,1.7,629
k_heesun_04,402,154,30,70.75,6.9,435
ganzi_0907,9337,3283,1756,301.0,12.14,906
no3y.ash_linn,285,565,32,44.5,4.45,214
zi_s__5,847,400,93,31.0,2.0,108
aboutdaheui_ch3,871,829,1350,45.43,3.67,498
0310_jaemin,3142,182,33,629.0,15.12,3530
k_th97,4507,3275,52,565.0,24.88,1754
kawa683_,2012,326,62,197.0,2.38,687
chae_jjin,583,497,241,112.44,9.33,622
yoking_._,246,49,8,48.5,5.5,252
geniecup_daily,45,50,40,6.0,1.0,37
yun_n0918,3043,701,1407,34.44,1.1,134
big_sparkle_k,552,70,5,740.0,12.0,2745
eunho_mommom,1397,1007,381,38.3,6.8,219
zeanne._,995,202,23,123.62,2.0,1369
dong_ban16,55,41,6,66.25,0.5,80
274sell,57,0,41,12.8,1.9,140
s__oohan,460,249,23,171.5,16.83,578
yeony_m0m,1695,2116,323,23.89,2.0,142
eekdzhd,520,398,105,64.5,0.14,270
middle__m,1761,262,123,104.45,9.25,877
d_ki000,0,0,2,8.0,7.5,22
hwaniez,12458,291,687,187.33,8.67,834
baseball_ssul,479,11,20,20.12,0.17,220
unique.hye,1345,681,298,230.27,13.25,798
_rico.mama,1081,559,393,51.67,4.0,185
okensseoul,334,149,92,38.78,3.0,302
yoojeong131,202,233,31,8.22,0.0,56
1129honey,1074,424,148,278.18,14.12,1533
start.your.line,2405,329,215,248.89,11.64,2910
hey_ryuxx,449,723,22,58.86,4.0,799
